{"cameraMode":{"drawMode":0,"name":"Shaded","section":"Shading Mode"},"sceneLighting":true,"audioPlay":false,"sceneViewState":{"showFog":true,"showMaterialUpdate":false,"showSkybox":false,"showFlares":true,"showImageEffects":true,"showParticleSystems":true},"in2DMode":false,"pivot":{"x":19.478534698486329,"y":13.842565536499024,"z":48.322715759277347},"rotation":{"x":0.0011353309964761139,"y":0.9553637504577637,"z":-0.29552868008613589,"w":0.003726325463503599},"size":1.2017884254455567,"orthographic":false}