{"cameraMode":{"drawMode":0,"name":"Shaded","section":"Shading Mode"},"sceneLighting":false,"audioPlay":false,"sceneViewState":{"showFog":true,"showMaterialUpdate":false,"showSkybox":true,"showFlares":true,"showImageEffects":true,"showParticleSystems":true},"in2DMode":false,"pivot":{"x":-7.642233848571777,"y":-83.76545715332031,"z":-185.59347534179688},"rotation":{"x":0.004123241640627384,"y":-0.9807114005088806,"z":0.19582951068878175,"w":0.018745629116892816},"size":98.27349853515625,"orthographic":false}