{"cameraMode":{"drawMode":0,"name":"Shaded","section":"Shading Mode"},"sceneLighting":false,"audioPlay":false,"sceneViewState":{"showFog":true,"showMaterialUpdate":false,"showSkybox":false,"showFlares":true,"showImageEffects":true,"showParticleSystems":true},"in2DMode":false,"pivot":{"x":17.99709129333496,"y":14.928762435913086,"z":42.08504867553711},"rotation":{"x":-0.03224686160683632,"y":-0.9614701867103577,"z":0.23996105790138246,"w":-0.1312829852104187},"size":4.052710056304932,"orthographic":false}